{
    "cagr": 0.13820629352312186,
    "annualized_volatility": 0.13237390362677515,
    "sharpe_ratio": 1.044059967535527,
    "max_drawdown": -0.12600844752689533,
    "win_rate": 0.3157894736842105,
    "profit_factor": 0.939128927274395,
    "total_return": 3.1472623740301593,
    "n_trades": 19
}